new_municipality,AED_number,points_coordinates
"leuven, belgium",71,"(4.7137645, 50.8822871)"
"zaventem, belgium",57,"(4.4727595, 50.8798215)"
"tienen, belgium",36,"(4.937104499999999, 50.8096628)"
"vilvoorde, belgium",34,"(4.4258375, 50.926454)"
"heverlee, belgium",32,"(4.6958889, 50.86260720000001)"
"asse, belgium",23,"(4.200385799999999, 50.9106775)"
"diegem, belgium",22,"(4.4362628, 50.8940397)"
"overijse, belgium",21,"(4.5342712, 50.7708411)"
"grimbergen, belgium",20,"(4.3732334, 50.93360449999999)"
"diest, belgium",17,"(5.0555869, 50.979655)"
"machelen, belgium",15,"(4.433286499999999, 50.9128001)"
"kampenhout, belgium",14,"(4.555153199999999, 50.9398455)"
"halle, belgium",13,"(4.2337053, 50.7381601)"
"dilbeek, belgium",13,"(4.2756162, 50.8449649)"
"aarschot, belgium",12,"(4.836879, 50.9877846)"
"londerzeel, belgium",12,"(4.3025851, 51.00470079999999)"
"groot-bijgaarden, belgium",11,"(4.2500012, 50.8719066)"
"merchtem, belgium",11,"(4.2324226, 50.9584729)"
"zellik, belgium",11,"(4.27401, 50.88449)"
"landen, belgium",11,"(5.0813206, 50.7547714)"
"kraainem, belgium",10,"(4.457452300000001, 50.86178100000001)"
"rotselaar, belgium",10,"(4.716218, 50.9537491)"
"kessel-lo, belgium",10,"(4.73571, 50.88514)"
"keerbergen, belgium",9,"(4.6323148, 51.0030408)"
"ternat, belgium",9,"(4.1609053, 50.86993409999999)"
"haacht, belgium",8,"(4.6339895, 50.9770224)"
"drogenbos, belgium",8,"(4.3172707, 50.7872348)"
"wezembeek-oppem, belgium",8,"(4.4936075, 50.8399611)"
"herent, belgium",8,"(4.677376499999999, 50.9092587)"
"nossegem, belgium",8,"(4.5074739, 50.8781921)"
"wemmel, belgium",8,"(4.3065753, 50.9077704)"
"lubbeek, belgium",7,"(4.8411415, 50.88171939999999)"
"roosdaal, belgium",7,"(4.0760675, 50.842885)"
"sint-pieters-leeuw, belgium",7,"(4.245613, 50.780993)"
"hoeilaart, belgium",7,"(4.4742969, 50.7675858)"
"kortenberg, belgium",7,"(4.5441288, 50.8883868)"
"wolvertem, belgium",6,"(4.30927, 50.95088)"
"boortmeerbeek, belgium",6,"(4.5611679, 50.9760115)"
"hoegaarden, belgium",6,"(4.8873881, 50.7741677)"
"lennik, belgium",6,"(4.1545887, 50.80529929999999)"
"oud-heverlee, belgium",6,"(4.7021275, 50.826001)"
"sint-stevens-woluwe, belgium",6,"(4.450322799999999, 50.8691316)"
"steenokkerzeel, belgium",6,"(4.5127344, 50.9101884)"
"liedekerke, belgium",6,"(4.087712199999999, 50.8692265)"
"kapelle-op-den-bos, belgium",6,"(4.3608698, 51.0111095)"
"tervuren, belgium",5,"(4.5081065, 50.8254692)"
"sint-genesius-rode, belgium",5,"(4.3552963, 50.7455947)"
"strombeek-bever, belgium",5,"(4.3546661, 50.9095358)"
"gooik, belgium",5,"(4.1171215, 50.795315)"
"boutersem, belgium",5,"(4.8347718, 50.8410698)"
"kortenaken, belgium",5,"(5.0600315, 50.9091318)"
"glabbeek, belgium",5,"(4.955757, 50.872929)"
"linkebeek, belgium",5,"(4.332298199999999, 50.7721895)"
"machelenbt, belgium",5,"(4.469936, 50.503887)"
"opwijk, belgium",4,"(4.1800657, 50.9696721)"
"huizingen, belgium",4,"(4.27369, 50.74657)"
"zemst, belgium",4,"(4.4599908, 50.9801617)"
"begijnendijk, belgium",4,"(4.7827948, 51.0187676)"
"meise, belgium",4,"(4.329669, 50.9355319)"
"lot, belgium",4,"(4.27707, 50.76777999999999)"
"tremelo, belgium",4,"(4.7051874, 50.9919007)"
"brussel, belgium",4,"(4.3571696, 50.8476424)"
"galmaarden, belgium",4,"(3.9710088, 50.7529096)"
"mazenzele, belgium",4,"(4.1711583, 50.942789)"
"linden, belgium",3,"(4.77215, 50.89393)"
"langdorp, belgium",3,"(4.87083, 50.99531)"
"alsemberg, belgium",3,"(4.33613, 50.74163)"
"wilsele, belgium",3,"(4.7053468, 50.8967552)"
"holsbeek, belgium",3,"(4.8076661, 50.9257196)"
"elewijt, belgium",3,"(4.4964542, 50.96185029999999)"
"affligem, belgium",3,"(4.1117173, 50.9125413)"
"everberg, belgium",3,"(4.5712345, 50.8788296)"
"vlezenbeek, belgium",3,"(4.23213, 50.80784999999999)"
"geetbets, belgium",3,"(5.112621, 50.89432739999999)"
"bekkevoort, belgium",3,"(4.975183299999999, 50.9447653)"
"peutie, belgium",3,"(4.455442, 50.927361)"
"nieuwrode, belgium",2,"(4.83339, 50.94955)"
"sint-kwintens-lennik, belgium",2,"(4.154809999999999, 50.80422)"
"pellenberg, belgium",2,"(4.793849, 50.8715002)"
"pepingen, belgium",2,"(4.157778800000001, 50.7592589)"
"sint-katherina-lombeek, belgium",2,"(4.1559883, 50.8732586)"
"tielt, belgium",2,"(3.3261192, 51.00004)"
"tildonk, belgium",2,"(4.6401407, 50.9349848)"
"veltem-beisem, belgium",2,"(4.620825, 50.9063184)"
"werchter, belgium",2,"(4.694200899999999, 50.9712194)"
"wespelaar, belgium",2,"(4.638840000000001, 50.95991000000001)"
"wezemaal, belgium",2,"(4.755409999999999, 50.9482)"
"wijgmaal, belgium",2,"(4.70195, 50.92624)"
"molenstede, belgium",2,"(5.013470000000001, 51.00378)"
"brucargo, belgium",2,"(4.452214, 50.903293)"
"brussegem, belgium",2,"(4.26608, 50.92574)"
"bertem, belgium",2,"(4.6308598, 50.8658788)"
"huldenberg, belgium",2,"(4.5831647, 50.7894337)"
"binkom, belgium",2,"(4.88439, 50.87119)"
"beersel, belgium",2,"(4.3080603, 50.7670513)"
"haasrode, belgium",2,"(4.733484, 50.8322091)"
"bierbeek, belgium",2,"(4.7561577, 50.8276692)"
"dworp, belgium",2,"(4.301089999999999, 50.72949)"
"bever, belgium",2,"(3.9407363, 50.71681840000001)"
"hakendover, belgium",1,"(4.98525, 50.79706)"
"tielt-winge, belgium",1,"(4.9092327, 50.9363166)"
"herfelingen, belgium",1,"(4.0998655, 50.74777109999999)"
"sterrebeek, belgium",1,"(4.47262, 50.8654294)"
"herne, belgium",1,"(4.0280349, 50.7247718)"
"hever, belgium",1,"(4.55135, 50.995)"
"sint-pieters-kapelle, belgium",1,"(3.9899741, 50.70705239999999)"
"sint-margriete-houtem, belgium",1,"(4.95539, 50.82836)"
"averbode, belgium",1,"(4.977454, 51.0305467)"
"melsbroek, belgium",1,"(4.4787175, 50.91535)"
"goetsenhoven, belgium",1,"(4.95114, 50.76781)"
"gelrode, belgium",1,"(4.80272, 50.96548)"
"gaasbeek, belgium",1,"(4.18893, 50.79987)"
"webbekom, belgium",1,"(5.0720072, 50.9722766)"
"essene, belgium",1,"(4.1364265, 50.90157430000001)"
"erps-kwerps, belgium",1,"(4.5607782, 50.9006097)"
"eppegem, belgium",1,"(4.4544329, 50.9621231)"
"duisburg, belgium",1,"(4.55184, 50.81569)"
"winksele, belgium",1,"(4.6435179, 50.89746659999999)"
"diegem-lo, belgium",1,"(4.455017199999999, 50.8946265)"
"cargovil, belgium",1,"(4.427268, 50.947259)"
"buizingen, belgium",1,"(4.2500475, 50.741419)"
"vaalbeek, belgium",1,"(4.68938, 50.82553)"
"sint-katelijne-waver, belgium",1,"(4.5314072, 51.0703915)"
"oorbeek, belgium",1,"(4.892399999999999, 50.79811)"
"baal, belgium",1,"(4.7504751, 50.9997177)"
"outgaarden, belgium",1,"(4.91793, 50.76521)"
"lembeek, belgium",1,"(4.220043599999999, 50.7140616)"
"ottenburg, belgium",1,"(4.61579, 50.75199)"
"linter, belgium",1,"(5.0534092, 50.84714839999999)"
"oplinter, belgium",1,"(4.98757, 50.82923)"
"onze-lieve-vrouw-lombeek, belgium",1,"(4.1101502, 50.8197588)"
"korbeek-lo, belgium",1,"(4.7626896, 50.8601903)"
"oetingen, belgium",1,"(4.06312, 50.77347)"
"nijverseel, belgium",1,"(4.1548175, 50.9643409)"
"meerbeek, belgium",1,"(4.5892898, 50.88186409999999)"
"neerijse, belgium",1,"(4.62345, 50.81742999999999)"
"neder-over-heembeek, belgium",1,"(4.3880767, 50.8953309)"
"mollem, belgium",1,"(4.22636, 50.9313)"
"leefdaal, belgium",1,"(4.5939, 50.84866)"
"perk, belgium",1,"(4.49592, 50.93488)"
"sint-joris-winge, belgium",1,"(4.876839599999999, 50.9077298)"
"sint-joris-weert, belgium",1,"(4.652875499999999, 50.8027501)"
"sint-agatha-rode, belgium",1,"(4.63408, 50.78559)"
"schiplaken, belgium",1,"(4.53072, 50.98056)"
"scherpenheuvel, belgium",1,"(4.9753403, 50.980084)"
"schepdaal, belgium",1,"(4.1958272, 50.8383485)"
"ruisbroek, belgium",1,"(4.33107, 51.08799)"
"kobbegem, belgium",1,"(4.25104, 50.90862)"
"kaggevinne, belgium",1,"(5.01896, 50.97937)"
"kester, belgium",1,"(4.11935, 50.76428)"
"relegem, belgium",1,"(4.277019999999999, 50.89908)"
"ramsdonk, belgium",1,"(4.33519, 51.01483)"
"puurs-sint-amands, belgium",1,"(4.2783654, 51.07097350000001)"
"meldert, belgium",1,"(5.1418, 50.99867)"
